2021.07.16.18.49.56_veh-26_00833_03384	NOT_FOUND_IN_ANY_TGZ
2021.06.14.14.03.45_veh-38_04499_05170	NOT_FOUND_IN_ANY_TGZ
2021.08.17.14.32.33_veh-08_01262_01528	NOT_FOUND_IN_ANY_TGZ
2021.06.14.13.28.41_veh-12_01313_01541	NOT_FOUND_IN_ANY_TGZ
2021.06.14.13.27.42_veh-35_02283_02603	NOT_FOUND_IN_ANY_TGZ
2021.08.17.13.15.12_veh-45_02025_02103	NOT_FOUND_IN_ANY_TGZ
2021.06.14.13.27.42_veh-35_04001_04236	NOT_FOUND_IN_ANY_TGZ
2021.06.14.14.03.45_veh-38_03180_03766	NOT_FOUND_IN_ANY_TGZ
2021.06.14.14.25.15_veh-26_00597_00827	NOT_FOUND_IN_ANY_TGZ
2021.08.17.13.10.50_veh-08_01060_01340	NOT_FOUND_IN_ANY_TGZ
2021.06.14.13.28.41_veh-12_00906_01063	NOT_FOUND_IN_ANY_TGZ
2021.06.14.13.28.41_veh-12_02414_02601	NOT_FOUND_IN_ANY_TGZ
2021.06.14.13.27.42_veh-35_00005_00123	NOT_FOUND_IN_ANY_TGZ
2021.06.14.13.27.42_veh-35_03142_03404	NOT_FOUND_IN_ANY_TGZ
2021.07.16.22.40.23_veh-38_00371_00797	NOT_FOUND_IN_ANY_TGZ
2021.06.14.13.27.42_veh-35_04704_04782	NOT_FOUND_IN_ANY_TGZ
2021.06.14.13.27.42_veh-35_01025_01086	NOT_FOUND_IN_ANY_TGZ
2021.06.14.13.27.42_veh-35_04894_05018	NOT_FOUND_IN_ANY_TGZ
2021.06.14.13.28.41_veh-12_05269_05369	NOT_FOUND_IN_ANY_TGZ
2021.06.14.14.25.15_veh-26_03415_03581	NOT_FOUND_IN_ANY_TGZ
2021.06.14.13.27.42_veh-35_03624_03705	NOT_FOUND_IN_ANY_TGZ
2021.07.16.21.17.55_veh-26_00872_00937	NOT_FOUND_IN_ANY_TGZ
2021.07.16.21.17.55_veh-26_03860_03930	NOT_FOUND_IN_ANY_TGZ
2021.06.14.13.27.42_veh-35_01160_01331	NOT_FOUND_IN_ANY_TGZ
2021.06.14.13.27.42_veh-35_04362_04572	NOT_FOUND_IN_ANY_TGZ
2021.07.16.21.17.55_veh-26_02927_02992	NOT_FOUND_IN_ANY_TGZ
2021.06.14.14.25.15_veh-26_00867_01088	NOT_FOUND_IN_ANY_TGZ
2021.06.14.13.28.41_veh-12_02070_02140	NOT_FOUND_IN_ANY_TGZ
2021.06.14.14.25.15_veh-26_02009_02099	NOT_FOUND_IN_ANY_TGZ
2021.08.17.13.15.12_veh-45_00925_00987	NOT_FOUND_IN_ANY_TGZ
2021.08.17.14.32.33_veh-08_00390_00468	NOT_FOUND_IN_ANY_TGZ
2021.06.14.13.27.42_veh-35_00243_00342	NOT_FOUND_IN_ANY_TGZ
2021.06.14.14.25.15_veh-26_02841_02921	NOT_FOUND_IN_ANY_TGZ
2021.06.14.13.28.41_veh-12_03221_03301	NOT_FOUND_IN_ANY_TGZ
2021.06.14.14.03.45_veh-38_02007_02072	NOT_FOUND_IN_ANY_TGZ
2021.08.09.17.55.59_veh-28_00558_00680	NOT_FOUND_IN_ANY_TGZ
2021.06.14.14.03.45_veh-38_01624_01811	NOT_FOUND_IN_ANY_TGZ
2021.06.14.13.27.42_veh-35_00691_00798	NOT_FOUND_IN_ANY_TGZ
2021.06.14.13.27.42_veh-35_01342_01461	NOT_FOUND_IN_ANY_TGZ
2021.06.14.14.25.15_veh-26_00398_00578	NOT_FOUND_IN_ANY_TGZ
2021.06.14.14.25.15_veh-26_01600_01699	NOT_FOUND_IN_ANY_TGZ
2021.06.14.13.28.41_veh-12_02245_02340	NOT_FOUND_IN_ANY_TGZ
